Season,Week,Player,Position,Team,Opponent,Pass_Comp,Pass_Att,Pass_Yards,Pass_TD,Pass_Int,Rush_Att,Rush_Yards,Rush_TD,Rec_Targets,Rec_Recep,Rec_Yards,Rec_TD,Snapcount
2024,1,Chris Moore,WR,ARI,@ BUF,0,0,0,0,0,0,0,0,0,0,0,0,0
2024,1,Clayton Tune,QB,ARI,@ BUF,0,0,0,0,0,0,0,0,0,0,0,0,0
2024,1,DeeJay Dallas,RB,ARI,@ BUF,0,0,0,0,0,0,0,0,0,0,0,0,0
2024,1,Elijah Higgins,TE,ARI,@ BUF,0,0,0,0,0,0,0,0,0,2,12,0,0
2024,1,Emari Demercado,RB,ARI,@ BUF,0,0,0,0,0,0,0,0,0,2,26,0,0
2024,1,Greg Dortch,WR,ARI,@ BUF,0,0,0,0,0,1,4,0,0,6,47,0,0
2024,1,James Conner,RB,ARI,@ BUF,0,0,0,0,0,16,50,1,0,3,33,0,0
2024,1,Kyler Murray,QB,ARI,@ BUF,0,0,162,1,0,5,57,0,0,0,0,0,0
2024,1,Marvin Harrison Jr,WR,ARI,@ BUF,0,0,0,0,0,0,0,0,0,1,4,0,0
2024,1,Michael Carter,RB,ARI,@ BUF,0,0,0,0,0,0,0,0,0,0,0,0,0
2024,1,Michael Wilson,WR,ARI,@ BUF,0,0,0,0,0,0,0,0,0,1,5,1,0
2024,1,Tip Reiman,TE,ARI,@ BUF,0,0,0,0,0,0,0,0,0,0,0,0,0
2024,1,Tony Jones,RB,ARI,@ BUF,0,0,0,0,0,0,0,0,0,0,0,0,0
2024,1,Travis Vokolek,TE,ARI,@ BUF,0,0,0,0,0,0,0,0,0,0,0,0,0
2024,1,Trey Benson,RB,ARI,@ BUF,0,0,0,0,0,3,13,0,0,1,5,0,0
2024,1,Trey McBride,TE,ARI,@ BUF,0,0,0,0,0,0,0,0,0,5,30,0,0
2024,1,Xavier Weaver,WR,ARI,@ BUF,0,0,0,0,0,0,0,0,0,0,0,0,0
2024,1,Zach Pascal,WR,ARI,@ BUF,0,0,0,0,0,0,0,0,0,0,0,0,0
2024,1,Zay Jones,WR,ARI,@ BUF,0,0,0,0,0,0,0,0,0,0,0,0,0
2024,1,Avery Williams,RB,ATL,VS PIT,0,0,0,0,0,0,0,0,0,0,0,0,0
2024,1,Bijan Robinson,RB,ATL,VS PIT,0,0,0,0,0,18,68,0,0,5,43,0,0
2024,1,Casey Washington,WR,ATL,VS PIT,0,0,0,0,0,0,0,0,0,0,0,0,0
2024,1,Charlie Woerner,TE,ATL,VS PIT,0,0,0,0,0,0,0,0,0,1,4,0,0
2024,1,Chris Blair,WR,ATL,VS PIT,0,0,0,0,0,0,0,0,0,0,0,0,0
2024,1,Darnell Mooney,WR,ATL,VS PIT,0,0,0,0,0,0,0,0,0,1,15,0,0
2024,1,Drake London,WR,ATL,VS PIT,0,0,0,0,0,0,0,0,0,2,15,0,0
2024,1,Jase McClellan,RB,ATL,VS PIT,0,0,0,0,0,0,0,0,0,0,0,0,0
2024,1,KhaDarel Hodge,WR,ATL,VS PIT,0,0,0,0,0,0,0,0,0,0,0,0,0
2024,1,Kirk Cousins,QB,ATL,VS PIT,0,0,155,1,2,1,0,0,0,0,0,0,0
2024,1,Kyle Pitts,TE,ATL,VS PIT,0,0,0,0,0,0,0,0,0,3,26,1,0
2024,1,Michael Penix Jr,QB,ATL,VS PIT,0,0,0,0,0,0,0,0,0,0,0,0,0
2024,1,Ray-Ray McCloud III,WR,ATL,VS PIT,0,0,0,0,0,0,0,0,0,4,52,0,0
2024,1,Ross Dwelley,TE,ATL,VS PIT,0,0,0,0,0,0,0,0,0,0,0,0,0
2024,1,Tyler Allgeier,RB,ATL,VS PIT,0,0,0,0,0,3,21,0,0,0,0,0,0
2024,1,Anthony Miller,WR,BAL,@ KC,0,0,0,0,0,0,0,0,0,0,0,0,0
2024,1,Charlie Kolar,TE,BAL,@ KC,0,0,0,0,0,0,0,0,0,0,0,0,0
2024,1,Chris Collier,RB,BAL,@ KC,0,0,0,0,0,0,0,0,0,0,0,0,0
2024,1,Deonte Harty,WR,BAL,@ KC,0,0,0,0,0,0,0,0,0,0,0,0,0
2024,1,Derrick Henry,RB,BAL,@ KC,0,0,0,0,0,13,46,1,0,0,0,0,0
2024,1,Devontez Walker,WR,BAL,@ KC,0,0,0,0,0,0,0,0,0,0,0,0,0
2024,1,Diontae Johnson,WR,BAL,@ KC,0,0,0,0,0,0,0,0,0,0,0,0,0
2024,1,Isaiah Likely,TE,BAL,@ KC,0,0,0,0,0,0,0,0,0,9,111,1,0
2024,1,John Kelly,RB,BAL,@ KC,0,0,0,0,0,0,0,0,0,0,0,0,0
2024,1,Josh Johnson,QB,BAL,@ KC,0,0,0,0,0,0,0,0,0,0,0,0,0
2024,1,Justice Hill,RB,BAL,@ KC,0,0,0,0,0,1,3,0,0,6,52,0,0
2024,1,Keaton Mitchell,RB,BAL,@ KC,0,0,0,0,0,0,0,0,0,0,0,0,0
2024,1,Lamar Jackson,QB,BAL,@ KC,0,0,273,1,0,16,122,0,0,0,0,0,0
2024,1,Mark Andrews,TE,BAL,@ KC,0,0,0,0,0,0,0,0,0,2,14,0,0
2024,1,Nelson Agholor,WR,BAL,@ KC,0,0,0,0,0,0,0,0,0,1,6,0,0
2024,1,Patrick Ricard,RB,BAL,@ KC,0,0,0,0,0,0,0,0,0,0,0,0,0
2024,1,Rasheen Ali,RB,BAL,@ KC,0,0,0,0,0,0,0,0,0,0,0,0,0
2024,1,Rashod Bateman,WR,BAL,@ KC,0,0,0,0,0,0,0,0,0,2,53,0,0
2024,1,Steven Sims Jr,WR,BAL,@ KC,0,0,0,0,0,0,0,0,0,0,0,0,0
2024,1,Tylan Wallace,WR,BAL,@ KC,0,0,0,0,0,0,0,0,0,0,0,0,0
2024,1,Zay Flowers,WR,BAL,@ KC,0,0,0,0,0,2,14,0,0,6,37,0,0
2024,1,Amari Cooper,WR,BUF,VS ARI,0,0,0,0,0,0,0,0,0,0,0,0,0
2024,1,Curtis Samuel,WR,BUF,VS ARI,0,0,0,0,0,0,0,0,0,2,15,0,0
2024,1,Dalton Kincaid,TE,BUF,VS ARI,0,0,0,0,0,0,0,0,0,1,11,0,0
2024,1,Dawson Knox,TE,BUF,VS ARI,0,0,0,0,0,0,0,0,0,1,23,0,0
2024,1,Jalen Virgil,WR,BUF,VS ARI,0,0,0,0,0,0,0,0,0,0,0,0,0
2024,1,James Cook,RB,BUF,VS ARI,0,0,0,0,0,19,71,0,0,3,32,0,0
2024,1,Josh Allen,QB,BUF,VS ARI,0,0,232,2,0,9,39,2,0,0,0,0,0
2024,1,Keon Coleman,WR,BUF,VS ARI,0,0,0,0,0,0,0,0,0,4,51,0,0
2024,1,Khalil Shakir,WR,BUF,VS ARI,0,0,0,0,0,0,0,0,0,3,42,1,0
2024,1,Mack Hollins,WR,BUF,VS ARI,0,0,0,0,0,0,0,0,0,2,25,1,0
2024,1,Marquez Valdes-Scantling,WR,BUF,VS ARI,0,0,0,0,0,0,0,0,0,1,19,0,0
2024,1,Mike White,QB,BUF,VS ARI,0,0,0,0,0,0,0,0,0,0,0,0,0
2024,1,Mitchell Trubisky,QB,BUF,VS ARI,0,0,0,0,0,0,0,0,0,0,0,0,0
2024,1,Quintin Morris,TE,BUF,VS ARI,0,0,0,0,0,0,0,0,0,0,0,0,0
2024,1,Ray Davis,RB,BUF,VS ARI,0,0,0,0,0,3,13,0,0,1,14,0,0
2024,1,Reggie Gilliam,RB,BUF,VS ARI,0,0,0,0,0,0,0,0,0,0,0,0,0
2024,1,Ty Johnson,RB,BUF,VS ARI,0,0,0,0,0,2,7,0,0,0,0,0,0
2024,1,Tyrell Shavers,WR,BUF,VS ARI,0,0,0,0,0,0,0,0,0,0,0,0,0
2024,1,Zach Davidson,TE,BUF,VS ARI,0,0,0,0,0,0,0,0,0,0,0,0,0
2024,1,Adam Thielen,WR,CAR,@ NO,0,0,0,0,0,0,0,0,0,3,49,0,0
2024,1,Andy Dalton,QB,CAR,@ NO,0,0,0,0,0,0,0,0,0,0,0,0,0
2024,1,Bryce Young,QB,CAR,@ NO,0,0,161,0,2,4,12,1,0,0,0,0,0
2024,1,Chuba Hubbard,RB,CAR,@ NO,0,0,0,0,0,6,14,0,0,0,0,0,0
2024,1,Dan Chisena,WR,CAR,@ NO,0,0,0,0,0,0,0,0,0,0,0,0,0
2024,1,David Moore,WR,CAR,@ NO,0,0,0,0,0,0,0,0,0,1,14,0,0
2024,1,Deven Thompkins,WR,CAR,@ NO,0,0,0,0,0,0,0,0,0,0,0,0,0
2024,1,Diontae Johnson,WR,CAR,@ NO,0,0,0,0,0,0,0,0,0,2,19,0,0
2024,1,Feleipe Franks,TE,CAR,@ NO,0,0,0,0,0,0,0,0,0,0,0,0,0
2024,1,Ian Thomas,TE,CAR,@ NO,0,0,0,0,0,0,0,0,0,0,0,0,0
2024,1,Ja'Tavion Sanders,TE,CAR,@ NO,0,0,0,0,0,0,0,0,0,1,4,0,0
2024,1,Jalen Coker,WR,CAR,@ NO,0,0,0,0,0,0,0,0,0,0,0,0,0
2024,1,Jonathan Mingo,WR,CAR,@ NO,0,0,0,0,0,1,3,0,0,2,40,0,0
2024,1,Jonathon Brooks,RB,CAR,@ NO,0,0,0,0,0,0,0,0,0,0,0,0,0
2024,1,Jordan Matthews,TE,CAR,@ NO,0,0,0,0,0,0,0,0,0,0,0,0,0
2024,1,Mike Boone,RB,CAR,@ NO,0,0,0,0,0,4,7,0,0,0,0,0,0
2024,1,Miles Sanders,RB,CAR,@ NO,0,0,0,0,0,5,22,0,0,0,0,0,0
2024,1,Raheem Blackshear,RB,CAR,@ NO,0,0,0,0,0,0,0,0,0,0,0,0,0
2024,1,Stephen Sullivan,TE,CAR,@ NO,0,0,0,0,0,0,0,0,0,0,0,0,0
2024,1,Tommy Tremble,TE,CAR,@ NO,0,0,0,0,0,0,0,0,0,0,0,0,0
2024,1,Velus Jones Jr,WR,CAR,@ NO,0,0,0,0,0,0,0,0,0,0,0,0,0
2024,1,Xavier Legette,WR,CAR,@ NO,0,0,0,0,0,0,0,0,0,4,35,0,0
2024,1,Caleb Williams,QB,CHI,VS TEN,0,0,93,0,0,5,15,0,0,0,0,0,0
2024,1,Cole Kmet,TE,CHI,VS TEN,0,0,0,0,0,0,0,0,0,1,4,0,0
2024,1,Collin Johnson,WR,CHI,VS TEN,0,0,0,0,0,0,0,0,0,0,0,0,0
2024,1,D'Andre Swift,RB,CHI,VS TEN,0,0,0,0,0,10,30,0,0,0,0,0,0
2024,1,DJ Moore,WR,CHI,VS TEN,0,0,0,0,0,1,14,0,0,5,36,0,0
2024,1,Darrynton Evans,RB,CHI,VS TEN,0,0,0,0,0,0,0,0,0,0,0,0,0
2024,1,DeAndre Carter,WR,CHI,VS TEN,0,0,0,0,0,0,0,0,0,1,6,0,0
2024,1,Gerald Everett,TE,CHI,VS TEN,0,0,0,0,0,0,0,0,0,1,1,0,0
2024,1,Keenan Allen,WR,CHI,VS TEN,0,0,0,0,0,0,0,0,0,4,29,0,0
2024,1,Khalil Herbert,RB,CHI,VS TEN,0,0,0,0,0,2,4,0,0,0,0,0,0
2024,1,Khari Blasingame,RB,CHI,VS TEN,0,0,0,0,0,0,0,0,0,0,0,0,0
2024,1,Marcedes Lewis,TE,CHI,VS TEN,0,0,0,0,0,0,0,0,0,0,0,0,0
2024,1,Rome Odunze,WR,CHI,VS TEN,0,0,0,0,0,0,0,0,0,1,11,0,0
2024,1,Roschon Johnson,RB,CHI,VS TEN,0,0,0,0,0,0,0,0,0,0,0,0,0
2024,1,Travis Homer,RB,CHI,VS TEN,0,0,0,0,0,2,10,0,0,0,0,0,0
2024,1,Tyler Scott,WR,CHI,VS TEN,0,0,0,0,0,0,0,0,0,0,0,0,0
2024,1,Tyson Bagent,QB,CHI,VS TEN,0,0,0,0,0,0,0,0,0,0,0,0,0
2024,1,Velus Jones Jr,WR,CHI,VS TEN,0,0,0,0,0,2,11,0,0,1,8,0,0
2024,1,Andrei Iosivas,WR,CIN,VS NE,0,0,0,0,0,0,0,0,0,3,26,0,0
2024,1,Cam Grandy,TE,CIN,VS NE,0,0,0,0,0,0,0,0,0,0,0,0,0
2024,1,Charlie Jones,WR,CIN,VS NE,0,0,0,0,0,0,0,0,0,1,5,0,0
2024,1,Chase Brown,RB,CIN,VS NE,0,0,0,0,0,3,11,0,0,3,12,0,0
2024,1,Drew Sample,TE,CIN,VS NE,0,0,0,0,0,0,0,0,0,0,0,0,0
2024,1,Erick All Jr,TE,CIN,VS NE,0,0,0,0,0,0,0,0,0,0,0,0,0
2024,1,Isaiah Williams,WR,CIN,VS NE,0,0,0,0,0,0,0,0,0,0,0,0,0
2024,1,Ja'Marr Chase,WR,CIN,VS NE,0,0,0,0,0,0,0,0,0,6,62,0,0
2024,1,Jake Browning,QB,CIN,VS NE,0,0,0,0,0,0,0,0,0,0,0,0,0
2024,1,Jermaine Burton,WR,CIN,VS NE,0,0,0,0,0,0,0,0,0,0,0,0,0
2024,1,Joe Burrow,QB,CIN,VS NE,0,0,164,0,0,4,15,0,0,0,0,0,0
2024,1,Kendall Milton,RB,CIN,VS NE,0,0,0,0,0,0,0,0,0,0,0,0,0
2024,1,Kendric Pryor,WR,CIN,VS NE,0,0,0,0,0,0,0,0,0,0,0,0,0
2024,1,Khalil Herbert,RB,CIN,VS NE,0,0,0,0,0,0,0,0,0,0,0,0,0
2024,1,Mike Gesicki,TE,CIN,VS NE,0,0,0,0,0,0,0,0,0,3,18,0,0
2024,1,Tanner Hudson,TE,CIN,VS NE,0,0,0,0,0,0,0,0,0,2,18,0,0
2024,1,Tanner McLachlan,TE,CIN,VS NE,0,0,0,0,0,0,0,0,0,0,0,0,0
2024,1,Tee Higgins,WR,CIN,VS NE,0,0,0,0,0,0,0,0,0,0,0,0,0
2024,1,Trayveon Williams,RB,CIN,VS NE,0,0,0,0,0,0,0,0,0,0,0,0,0
2024,1,Trenton Irwin,WR,CIN,VS NE,0,0,0,0,0,0,0,0,0,1,6,0,0
2024,1,Zack Moss,RB,CIN,VS NE,0,0,0,0,0,9,44,1,0,2,17,0,0
2024,1,Amari Cooper,WR,CLE,VS DAL,0,0,0,0,0,0,0,0,0,2,16,0,0
2024,1,Bailey Zappe,QB,CLE,VS DAL,0,0,0,0,0,0,0,0,0,0,0,0,0
2024,1,Blake Whiteheart,TE,CLE,VS DAL,0,0,0,0,0,0,0,0,0,0,0,0,0
2024,1,Brenden Bates,TE,CLE,VS DAL,0,0,0,0,0,0,0,0,0,0,0,0,0
2024,1,Cedric Tillman,WR,CLE,VS DAL,0,0,0,0,0,0,0,0,0,1,3,0,0
2024,1,D'Onta Foreman,RB,CLE,VS DAL,0,0,0,0,0,0,0,0,0,0,0,0,0
2024,1,David Bell,WR,CLE,VS DAL,0,0,0,0,0,0,0,0,0,0,0,0,0
2024,1,David Njoku,TE,CLE,VS DAL,0,0,0,0,0,0,0,0,0,4,44,0,0
2024,1,Deshaun Watson,QB,CLE,VS DAL,0,0,169,1,2,5,39,0,0,0,0,0,0
2024,1,Dorian Thompson-Robinson,QB,CLE,VS DAL,0,0,0,0,0,0,0,0,0,0,0,0,0
2024,1,Elijah Moore,WR,CLE,VS DAL,0,0,0,0,0,0,0,0,0,3,9,0,0
2024,1,Gary Brightwell,RB,CLE,VS DAL,0,0,0,0,0,0,0,0,0,0,0,0,0
2024,1,Geoff Swaim,TE,CLE,VS DAL,0,0,0,0,0,0,0,0,0,0,0,0,0
2024,1,Jacob Kibodi,RB,CLE,VS DAL,0,0,0,0,0,0,0,0,0,0,0,0,0
2024,1,Jaelon Darden,WR,CLE,VS DAL,0,0,0,0,0,0,0,0,0,0,0,0,0
2024,1,Jamari Thrash,WR,CLE,VS DAL,0,0,0,0,0,0,0,0,0,0,0,0,0
2024,1,Jameis Winston,QB,CLE,VS DAL,0,0,0,0,0,0,0,0,0,0,0,0,0
2024,1,James Proche II,WR,CLE,VS DAL,0,0,0,0,0,0,0,0,0,0,0,0,0
2024,1,Jerome Ford,RB,CLE,VS DAL,0,0,0,0,0,12,44,1,0,6,25,0,0
2024,1,Jerry Jeudy,WR,CLE,VS DAL,0,0,0,0,0,0,0,0,0,3,25,1,0
2024,1,Jordan Akins,TE,CLE,VS DAL,0,0,0,0,0,0,0,0,0,3,27,0,0
2024,1,Kadarius Toney,WR,CLE,VS DAL,0,0,0,0,0,0,0,0,0,0,0,0,0
2024,1,Kaden Davis,WR,CLE,VS DAL,0,0,0,0,0,0,0,0,0,0,0,0,0
2024,1,Michael Woods II,WR,CLE,VS DAL,0,0,0,0,0,0,0,0,0,0,0,0,0
2024,1,Nick Chubb,RB,CLE,VS DAL,0,0,0,0,0,0,0,0,0,0,0,0,0
2024,1,Pierre Strong Jr,RB,CLE,VS DAL,0,0,0,0,0,2,10,0,0,2,20,0,0
2024,1,Brandin Cooks,WR,DAL,@ CLE,0,0,0,0,0,1,5,0,0,4,40,1,0
2024,1,Brevyn Spann-Ford,TE,DAL,@ CLE,0,0,0,0,0,0,0,0,0,0,0,0,0
2024,1,CeeDee Lamb,WR,DAL,@ CLE,0,0,0,0,0,3,25,0,0,5,61,0,0
2024,1,Cooper Rush,QB,DAL,@ CLE,0,0,0,0,0,1,1,0,0,0,0,0,0
2024,1,Dak Prescott,QB,DAL,@ CLE,0,0,179,1,0,1,3,0,0,0,0,0,0
2024,1,Dalvin Cook,RB,DAL,@ CLE,0,0,0,0,0,0,0,0,0,0,0,0,0
2024,1,Deuce Vaughn,RB,DAL,@ CLE,0,0,0,0,0,1,4,0,0,0,0,0,0
2024,1,Ezekiel Elliott,RB,DAL,@ CLE,0,0,0,0,0,10,40,1,0,2,9,0,0
2024,1,Hunter Luepke,RB,DAL,@ CLE,0,0,0,0,0,0,0,0,0,2,18,0,0
2024,1,Jake Ferguson,TE,DAL,@ CLE,0,0,0,0,0,0,0,0,0,3,15,0,0
2024,1,Jalen Brooks,WR,DAL,@ CLE,0,0,0,0,0,0,0,0,0,1,18,0,0
2024,1,Jalen Cropper,WR,DAL,@ CLE,0,0,0,0,0,0,0,0,0,0,0,0,0
2024,1,Jalen Tolbert,WR,DAL,@ CLE,0,0,0,0,0,0,0,0,0,1,12,0,0
2024,1,Jonathan Mingo,WR,DAL,@ CLE,0,0,0,0,0,0,0,0,0,0,0,0,0
2024,1,KaVontae Turpin,WR,DAL,@ CLE,0,0,0,0,0,0,0,0,0,0,0,0,0
2024,1,Luke Schoonmaker,TE,DAL,@ CLE,0,0,0,0,0,0,0,0,0,0,0,0,0
2024,1,Princeton Fant,TE,DAL,@ CLE,0,0,0,0,0,0,0,0,0,0,0,0,0
2024,1,Rico Dowdle,RB,DAL,@ CLE,0,0,0,0,0,8,26,0,0,1,6,0,0
2024,1,Ryan Flournoy,WR,DAL,@ CLE,0,0,0,0,0,0,0,0,0,0,0,0,0
2024,1,Trey Lance,QB,DAL,@ CLE,0,0,0,0,0,0,0,0,0,0,0,0,0
2024,1,Adam Trautman,TE,DEN,@ SEA,0,0,0,0,0,0,0,0,0,0,0,0,0
2024,1,Audric Estime,RB,DEN,@ SEA,0,0,0,0,0,2,14,0,0,0,0,0,0
2024,1,Blake Watson,RB,DEN,@ SEA,0,0,0,0,0,0,0,0,0,0,0,0,0
2024,1,Bo Nix,QB,DEN,@ SEA,0,0,138,0,2,5,35,1,0,0,0,0,0
2024,1,Courtland Sutton,WR,DEN,@ SEA,0,0,0,0,0,0,0,0,0,4,38,0,0
2024,1,Devaughn Vele,WR,DEN,@ SEA,0,0,0,0,0,0,0,0,0,8,39,0,0
2024,1,Greg Dulcich,TE,DEN,@ SEA,0,0,0,0,0,0,0,0,0,2,12,0,0
2024,1,Jaleel McLaughlin,RB,DEN,@ SEA,0,0,0,0,0,10,27,0,0,5,1,0,0
2024,1,Jarrett Stidham,QB,DEN,@ SEA,0,0,0,0,0,0,0,0,0,0,0,0,0
2024,1,Javonte Williams,RB,DEN,@ SEA,0,0,0,0,0,8,23,0,0,1,0,0,0
2024,1,Josh Reynolds,WR,DEN,@ SEA,0,0,0,0,0,0,0,0,0,5,45,0,0
2024,1,Lil'Jordan Humphrey,WR,DEN,@ SEA,0,0,0,0,0,0,0,0,0,0,0,0,0
2024,1,Lucas Krull,TE,DEN,@ SEA,0,0,0,0,0,0,0,0,0,0,0,0,0
2024,1,Marvin Mims Jr,WR,DEN,@ SEA,0,0,0,0,0,0,0,0,0,0,0,0,0
2024,1,Michael Burton,RB,DEN,@ SEA,0,0,0,0,0,0,0,0,0,1,3,0,0
2024,1,Nate Adkins,TE,DEN,@ SEA,0,0,0,0,0,0,0,0,0,0,0,0,0
2024,1,Troy Franklin,WR,DEN,@ SEA,0,0,0,0,0,0,0,0,0,0,0,0,0
2024,1,Tyler Badie,RB,DEN,@ SEA,0,0,0,0,0,0,0,0,0,0,0,0,0
2024,1,Allen Robinson II,WR,DET,VS LAR,0,0,0,0,0,0,0,0,0,0,0,0,0
2024,1,Amon-Ra St. Brown,WR,DET,VS LAR,0,0,0,0,0,0,0,0,0,3,13,0,0
2024,1,Brock Wright,TE,DET,VS LAR,0,0,0,0,0,0,0,0,0,1,2,0,0
2024,1,Craig Reynolds,RB,DET,VS LAR,0,0,0,0,0,0,0,0,0,0,0,0,0
2024,1,David Montgomery,RB,DET,VS LAR,0,0,0,0,0,17,91,1,0,1,2,0,0
2024,1,Hendon Hooker,QB,DET,VS LAR,0,0,0,0,0,0,0,0,0,0,0,0,0
2024,1,Isaiah Williams,WR,DET,VS LAR,0,0,0,0,0,0,0,0,0,0,0,0,0
2024,1,Jahmyr Gibbs,RB,DET,VS LAR,0,0,0,0,0,11,40,1,0,4,34,0,0
2024,1,James Mitchell,TE,DET,VS LAR,0,0,0,0,0,0,0,0,0,0,0,0,0
2024,1,Jameson Williams,WR,DET,VS LAR,0,0,0,0,0,1,13,0,0,5,121,1,0
2024,1,Jared Goff,QB,DET,VS LAR,0,0,217,1,1,1,7,0,0,0,0,0,0
2024,1,Jermar Jefferson,RB,DET,VS LAR,0,0,0,0,0,0,0,0,0,0,0,0,0
2024,1,Kalif Raymond,WR,DET,VS LAR,0,0,0,0,0,1,12,0,0,0,0,0,0
2024,1,Maurice Alexander,WR,DET,VS LAR,0,0,0,0,0,0,0,0,0,0,0,0,0
2024,1,Parker Hesse,TE,DET,VS LAR,0,0,0,0,0,0,0,0,0,0,0,0,0
2024,1,Sam LaPorta,TE,DET,VS LAR,0,0,0,0,0,0,0,0,0,4,45,0,0
2024,1,Shane Zylstra,TE,DET,VS LAR,0,0,0,0,0,0,0,0,0,0,0,0,0
2024,1,Sione Vaki,RB,DET,VS LAR,0,0,0,0,0,0,0,0,0,0,0,0,0
2024,1,Tim Patrick,WR,DET,VS LAR,0,0,0,0,0,0,0,0,0,0,0,0,0
2024,1,Tom Kennedy,WR,DET,VS LAR,0,0,0,0,0,0,0,0,0,0,0,0,0
2024,1,Andrew Beck,TE,GB,@ PHI,0,0,0,0,0,0,0,0,0,0,0,0,0
2024,1,Ben Sims,TE,GB,@ PHI,0,0,0,0,0,0,0,0,0,0,0,0,0
2024,1,Bo Melton,WR,GB,@ PHI,0,0,0,0,0,0,0,0,0,0,0,0,0
2024,1,Chris Brooks,RB,GB,@ PHI,0,0,0,0,0,0,0,0,0,0,0,0,0
2024,1,Christian Watson,WR,GB,@ PHI,0,0,0,0,0,0,0,0,0,3,13,1,0
2024,1,Dontayvion Wicks,WR,GB,@ PHI,0,0,0,0,0,0,0,0,0,0,0,0,0
2024,1,Emanuel Wilson,RB,GB,@ PHI,0,0,0,0,0,4,46,0,0,2,2,0,0
2024,1,Jayden Reed,WR,GB,@ PHI,0,0,0,0,0,1,33,1,0,4,138,1,0
2024,1,John FitzPatrick,TE,GB,@ PHI,0,0,0,0,0,0,0,0,0,0,0,0,0
2024,1,Jordan Love,QB,GB,@ PHI,0,0,260,2,1,0,0,0,0,0,0,0,0
2024,1,Josh Jacobs,RB,GB,@ PHI,0,0,0,0,0,16,84,0,0,2,20,0,0
2024,1,Luke Musgrave,TE,GB,@ PHI,0,0,0,0,0,0,0,0,0,0,0,0,0
2024,1,Malik Heath,WR,GB,@ PHI,0,0,0,0,0,0,0,0,0,0,0,0,0
2024,1,Malik Willis,QB,GB,@ PHI,0,0,0,0,0,0,0,0,0,0,0,0,0
2024,1,MarShawn Lloyd,RB,GB,@ PHI,0,0,0,0,0,0,0,0,0,0,0,0,0
2024,1,Romeo Doubs,WR,GB,@ PHI,0,0,0,0,0,0,0,0,0,4,50,0,0
2024,1,Tucker Kraft,TE,GB,@ PHI,0,0,0,0,0,0,0,0,0,2,37,0,0
2024,1,Andrew Beck,TE,HOU,@ IND,0,0,0,0,0,0,0,0,0,0,0,0,0
2024,1,Brevin Jordan,TE,HOU,@ IND,0,0,0,0,0,0,0,0,0,1,3,0,0
2024,1,British Brooks,RB,HOU,@ IND,0,0,0,0,0,0,0,0,0,0,0,0,0
2024,1,CJ Stroud,QB,HOU,@ IND,0,0,234,2,0,4,13,0,0,0,0,0,0
2024,1,Cade Stover,TE,HOU,@ IND,0,0,0,0,0,0,0,0,0,0,0,0,0
2024,1,Cam Akers,RB,HOU,@ IND,0,0,0,0,0,0,0,0,0,0,0,0,0
2024,1,Dalton Schultz,TE,HOU,@ IND,0,0,0,0,0,0,0,0,0,3,16,0,0
2024,1,Dameon Pierce,RB,HOU,@ IND,0,0,0,0,0,3,16,0,0,0,0,0,0
2024,1,Dare Ogunbowale,RB,HOU,@ IND,0,0,0,0,0,0,0,0,0,1,3,0,0
2024,1,Davis Mills,QB,HOU,@ IND,0,0,0,0,0,0,0,0,0,0,0,0,0
2024,1,Diontae Johnson,WR,HOU,@ IND,0,0,0,0,0,0,0,0,0,0,0,0,0
2024,1,Irv Smith,TE,HOU,@ IND,0,0,0,0,0,0,0,0,0,0,0,0,0
2024,1,JJ Taylor,RB,HOU,@ IND,0,0,0,0,0,0,0,0,0,0,0,0,0
2024,1,Jared Wayne,WR,HOU,@ IND,0,0,0,0,0,0,0,0,0,0,0,0,0
2024,1,Joe Mixon,RB,HOU,@ IND,0,0,0,0,0,30,159,1,0,3,19,0,0
2024,1,John Metchie III,WR,HOU,@ IND,0,0,0,0,0,0,0,0,0,0,0,0,0
2024,1,Nico Collins,WR,HOU,@ IND,0,0,0,0,0,0,0,0,0,6,117,0,0
2024,1,Robert Woods,WR,HOU,@ IND,0,0,0,0,0,0,0,0,0,0,0,0,0
2024,1,Stefon Diggs,WR,HOU,@ IND,0,0,0,0,0,1,6,0,0,6,33,2,0
2024,1,Steven Sims Jr,WR,HOU,@ IND,0,0,0,0,0,0,0,0,0,0,0,0,0
2024,1,Tank Dell,WR,HOU,@ IND,0,0,0,0,0,2,19,0,0,3,40,0,0
2024,1,Teagan Quitoriano,TE,HOU,@ IND,0,0,0,0,0,0,0,0,0,0,0,0,0
2024,1,Troy Hairston,RB,HOU,@ IND,0,0,0,0,0,0,0,0,0,0,0,0,0
2024,1,Xavier Hutchinson,WR,HOU,@ IND,0,0,0,0,0,0,0,0,0,1,3,0,0
2024,1,Adonai Mitchell,WR,IND,VS HOU,0,0,0,0,0,0,0,0,0,1,2,0,0
2024,1,Alec Pierce,WR,IND,VS HOU,0,0,0,0,0,0,0,0,0,3,125,1,0
2024,1,Anthony Gould,WR,IND,VS HOU,0,0,0,0,0,0,0,0,0,0,0,0,0
2024,1,Anthony Richardson,QB,IND,VS HOU,0,0,212,2,1,6,56,1,0,0,0,0,0
2024,1,Ashton Dulin,WR,IND,VS HOU,0,0,0,0,0,0,0,0,0,1,54,1,0
2024,1,Drew Ogletree,TE,IND,VS HOU,0,0,0,0,0,0,0,0,0,0,0,0,0
2024,1,Evan Hull,RB,IND,VS HOU,0,0,0,0,0,0,0,0,0,0,0,0,0
2024,1,Joe Flacco,QB,IND,VS HOU,0,0,0,0,0,0,0,0,0,0,0,0,0
2024,1,Jonathan Taylor,RB,IND,VS HOU,0,0,0,0,0,16,48,1,0,0,0,0,0
2024,1,Josh Downs,WR,IND,VS HOU,0,0,0,0,0,0,0,0,0,0,0,0,0
2024,1,Kylen Granson,TE,IND,VS HOU,0,0,0,0,0,0,0,0,0,0,0,0,0
2024,1,Laquon Treadwell,WR,IND,VS HOU,0,0,0,0,0,0,0,0,0,0,0,0,0
2024,1,Michael Pittman Jr,WR,IND,VS HOU,0,0,0,0,0,0,0,0,0,4,31,0,0
2024,1,Mo Alie-Cox,TE,IND,VS HOU,0,0,0,0,0,0,0,0,0,0,0,0,0
2024,1,Trey Sermon,RB,IND,VS HOU,0,0,0,0,0,0,0,0,0,0,0,0,0
2024,1,Tyler Goodson,RB,IND,VS HOU,0,0,0,0,0,0,0,0,0,0,0,0,0
2024,1,Will Mallory,TE,IND,VS HOU,0,0,0,0,0,0,0,0,0,0,0,0,0
2024,1,Austin Trammell,WR,JAX,@ MIA,0,0,0,0,0,0,0,0,0,0,0,0,0
2024,1,Brenton Strange,TE,JAX,@ MIA,0,0,0,0,0,0,0,0,0,0,0,0,0
2024,1,Brian Thomas Jr,WR,JAX,@ MIA,0,0,0,0,0,0,0,0,0,4,47,1,0
2024,1,Christian Kirk,WR,JAX,@ MIA,0,0,0,0,0,0,0,0,0,1,30,0,0
2024,1,D'Ernest Johnson,RB,JAX,@ MIA,0,0,0,0,0,0,0,0,0,0,0,0,0
2024,1,Devin Duvernay,WR,JAX,@ MIA,0,0,0,0,0,1,3,0,0,0,0,0,0
2024,1,Elijah Cooks,WR,JAX,@ MIA,0,0,0,0,0,0,0,0,0,0,0,0,0
2024,1,Evan Engram,TE,JAX,@ MIA,0,0,0,0,0,0,0,0,0,1,5,0,0
2024,1,Gabe Davis,WR,JAX,@ MIA,0,0,0,0,0,0,0,0,0,3,62,0,0
2024,1,Josh Reynolds,WR,JAX,@ MIA,0,0,0,0,0,0,0,0,0,0,0,0,0
2024,1,Joshua Cephus,WR,JAX,@ MIA,0,0,0,0,0,0,0,0,0,0,0,0,0
2024,1,Josiah Deguara,TE,JAX,@ MIA,0,0,0,0,0,0,0,0,0,0,0,0,0
2024,1,Keilan Robinson,RB,JAX,@ MIA,0,0,0,0,0,0,0,0,0,0,0,0,0
2024,1,Luke Farrell,TE,JAX,@ MIA,0,0,0,0,0,0,0,0,0,0,0,0,0
2024,1,Mac Jones,QB,JAX,@ MIA,0,0,0,0,0,0,0,0,0,0,0,0,0
2024,1,Parker Washington,WR,JAX,@ MIA,0,0,0,0,0,0,0,0,0,1,3,0,0
2024,1,Tank Bigsby,RB,JAX,@ MIA,0,0,0,0,0,12,73,0,0,0,0,0,0
2024,1,Tim Jones,WR,JAX,@ MIA,0,0,0,0,0,0,0,0,0,0,0,0,0
2024,1,Travis Etienne Jr,RB,JAX,@ MIA,0,0,0,0,0,12,44,1,0,2,15,0,0
2024,1,Trevor Lawrence,QB,JAX,@ MIA,0,0,162,1,0,1,8,0,0,0,0,0,0
2024,1,Anthony Firkser,TE,KC,VS BAL,0,0,0,0,0,0,0,0,0,0,0,0,0
2024,1,Baylor Cupp,TE,KC,VS BAL,0,0,0,0,0,0,0,0,0,0,0,0,0
2024,1,Carson Steele,RB,KC,VS BAL,0,0,0,0,0,2,3,0,0,0,0,0,0
2024,1,Carson Wentz,QB,KC,VS BAL,0,0,0,0,0,0,0,0,0,0,0,0,0
2024,1,Chris Oladokun,QB,KC,VS BAL,0,0,0,0,0,0,0,0,0,0,0,0,0
2024,1,DeAndre Hopkins,WR,KC,VS BAL,0,0,0,0,0,0,0,0,0,0,0,0,0
2024,1,Isiah Pacheco,RB,KC,VS BAL,0,0,0,0,0,15,45,1,0,2,33,0,0
2024,1,Jared Wiley,TE,KC,VS BAL,0,0,0,0,0,0,0,0,0,0,0,0,0
2024,1,Jody Fortson,TE,KC,VS BAL,0,0,0,0,0,0,0,0,0,0,0,0,0
2024,1,JuJu Smith-Schuster,WR,KC,VS BAL,0,0,0,0,0,0,0,0,0,0,0,0,0
2024,1,Justin Watson,WR,KC,VS BAL,0,0,0,0,0,0,0,0,0,1,25,0,0
2024,1,Justyn Ross,WR,KC,VS BAL,0,0,0,0,0,0,0,0,0,0,0,0,0
2024,1,Kareem Hunt,RB,KC,VS BAL,0,0,0,0,0,0,0,0,0,0,0,0,0
2024,1,Keaontay Ingram,RB,KC,VS BAL,0,0,0,0,0,0,0,0,0,0,0,0,0
2024,1,Marquise Brown,WR,KC,VS BAL,0,0,0,0,0,0,0,0,0,0,0,0,0
2024,1,Mecole Hardman,WR,KC,VS BAL,0,0,0,0,0,0,0,0,0,0,0,0,0
2024,1,Montrell Washington,WR,KC,VS BAL,0,0,0,0,0,0,0,0,0,0,0,0,0
2024,1,Nikko Remigio,WR,KC,VS BAL,0,0,0,0,0,0,0,0,0,0,0,0,0
2024,1,Noah Gray,TE,KC,VS BAL,0,0,0,0,0,0,0,0,0,3,37,0,0
2024,1,Patrick Mahomes II,QB,KC,VS BAL,0,0,291,1,1,2,3,0,0,0,0,0,0
2024,1,Peyton Hendershot,TE,KC,VS BAL,0,0,0,0,0,0,0,0,0,0,0,0,0
2024,1,Rashee Rice,WR,KC,VS BAL,0,0,0,0,0,0,0,0,0,7,103,0,0
2024,1,Samaje Perine,RB,KC,VS BAL,0,0,0,0,0,0,0,0,0,1,10,0,0
2024,1,Skyy Moore,WR,KC,VS BAL,0,0,0,0,0,0,0,0,0,0,0,0,0
2024,1,Travis Kelce,TE,KC,VS BAL,0,0,0,0,0,0,0,0,0,3,34,0,0
2024,1,Xavier Worthy,WR,KC,VS BAL,0,0,0,0,0,1,21,1,0,2,47,1,0
2024,1,Brenden Rice,WR,LAC,VS LV,0,0,0,0,0,0,0,0,0,0,0,0,0
2024,1,DJ Chark Jr,WR,LAC,VS LV,0,0,0,0,0,0,0,0,0,0,0,0,0
2024,1,Derius Davis,WR,LAC,VS LV,0,0,0,0,0,2,9,0,0,0,0,0,0
2024,1,Dez Fitzpatrick,WR,LAC,VS LV,0,0,0,0,0,0,0,0,0,0,0,0,0
2024,1,Eric Tomlinson,TE,LAC,VS LV,0,0,0,0,0,0,0,0,0,0,0,0,0
2024,1,Gus Edwards,RB,LAC,VS LV,0,0,0,0,0,11,26,0,0,1,2,0,0
2024,1,Hassan Haskins,RB,LAC,VS LV,0,0,0,0,0,0,0,0,0,0,0,0,0
2024,1,Hayden Hurst,TE,LAC,VS LV,0,0,0,0,0,0,0,0,0,2,33,0,0
2024,1,J.K. Dobbins,RB,LAC,VS LV,0,0,0,0,0,10,135,1,0,3,4,0,0
2024,1,Jalen Reagor,WR,LAC,VS LV,0,0,0,0,0,0,0,0,0,0,0,0,0
2024,1,Jaret Patterson,RB,LAC,VS LV,0,0,0,0,0,0,0,0,0,0,0,0,0
2024,1,Jaylen Johnson,WR,LAC,VS LV,0,0,0,0,0,0,0,0,0,0,0,0,0
2024,1,Joshua Palmer,WR,LAC,VS LV,0,0,0,0,0,0,0,0,0,2,15,0,0
2024,1,Justin Herbert,QB,LAC,VS LV,0,0,144,1,0,4,6,0,0,0,0,0,0
2024,1,Kimani Vidal,RB,LAC,VS LV,0,0,0,0,0,0,0,0,0,0,0,0,0
2024,1,Ladd McConkey,WR,LAC,VS LV,0,0,0,0,0,0,0,0,0,5,39,1,0
2024,1,Laviska Shenault Jr,WR,LAC,VS LV,0,0,0,0,0,0,0,0,0,0,0,0,0
2024,1,Quentin Johnston,WR,LAC,VS LV,0,0,0,0,0,0,0,0,0,3,38,0,0
2024,1,Simi Fehoko,WR,LAC,VS LV,0,0,0,0,0,0,0,0,0,0,0,0,0
2024,1,Stone Smartt,TE,LAC,VS LV,0,0,0,0,0,0,0,0,0,0,0,0,0
2024,1,Taylor Heinicke,QB,LAC,VS LV,0,0,0,0,0,0,0,0,0,0,0,0,0
2024,1,Tucker Fisk,TE,LAC,VS LV,0,0,0,0,0,0,0,0,0,0,0,0,0
2024,1,Will Dissly,TE,LAC,VS LV,0,0,0,0,0,0,0,0,0,1,13,0,0
2024,1,Blake Corum,RB,LAR,@ DET,0,0,0,0,0,0,0,0,0,0,0,0,0
2024,1,Cody Schrader,RB,LAR,@ DET,0,0,0,0,0,0,0,0,0,0,0,0,0
2024,1,Colby Parkinson,TE,LAR,@ DET,0,0,0,0,0,0,0,0,0,4,47,0,0
2024,1,Cooper Kupp,WR,LAR,@ DET,0,0,0,0,0,2,10,0,0,14,110,1,0
2024,1,Davis Allen,TE,LAR,@ DET,0,0,0,0,0,0,0,0,0,0,0,0,0
2024,1,Demarcus Robinson,WR,LAR,@ DET,0,0,0,0,0,0,0,0,0,4,42,0,0
2024,1,Hunter Long,TE,LAR,@ DET,0,0,0,0,0,0,0,0,0,0,0,0,0
2024,1,Jimmy Garoppolo,QB,LAR,@ DET,0,0,0,0,0,0,0,0,0,0,0,0,0
2024,1,Jordan Whittington,WR,LAR,@ DET,0,0,0,0,0,0,0,0,0,0,0,0,0
2024,1,Kyren Williams,RB,LAR,@ DET,0,0,0,0,0,18,50,1,0,3,4,0,0
2024,1,Matthew Stafford,QB,LAR,@ DET,0,0,317,1,1,0,0,0,0,0,0,0,0
2024,1,Nikola Kalinic,TE,LAR,@ DET,0,0,0,0,0,0,0,0,0,0,0,0,0
2024,1,Puka Nacua,WR,LAR,@ DET,0,0,0,0,0,1,7,0,0,4,35,0,0
2024,1,Ronnie Rivers,RB,LAR,@ DET,0,0,0,0,0,2,16,0,0,0,0,0,0
2024,1,Tutu Atwell,WR,LAR,@ DET,0,0,0,0,0,0,0,0,0,0,0,0,0
2024,1,Tyler Higbee,TE,LAR,@ DET,0,0,0,0,0,0,0,0,0,0,0,0,0
2024,1,Tyler Johnson,WR,LAR,@ DET,0,0,0,0,0,0,0,0,0,5,79,0,0
2024,1,Xavier Smith,WR,LAR,@ DET,0,0,0,0,0,0,0,0,0,0,0,0,0
2024,1,Aidan O'Connell,QB,LV,@ LAC,0,0,0,0,0,0,0,0,0,0,0,0,0
2024,1,Alex Bachman,WR,LV,@ LAC,0,0,0,0,0,0,0,0,0,0,0,0,0
2024,1,Alexander Mattison,RB,LV,@ LAC,0,0,0,0,0,5,19,0,0,4,43,1,0
2024,1,Ameer Abdullah,RB,LV,@ LAC,0,0,0,0,0,0,0,0,0,0,0,0,0
2024,1,Brock Bowers,TE,LV,@ LAC,0,0,0,0,0,0,0,0,0,6,58,0,0
2024,1,Chris Collier,RB,LV,@ LAC,0,0,0,0,0,0,0,0,0,0,0,0,0
2024,1,DJ Turner,WR,LV,@ LAC,0,0,0,0,0,0,0,0,0,1,9,0,0
2024,1,Davante Adams,WR,LV,@ LAC,0,0,0,0,0,0,0,0,0,5,59,0,0
2024,1,Desmond Ridder,QB,LV,@ LAC,0,0,0,0,0,0,0,0,0,0,0,0,0
2024,1,Dylan Laube,RB,LV,@ LAC,0,0,0,0,0,0,0,0,0,0,0,0,0
2024,1,Gardner Minshew II,QB,LV,@ LAC,0,0,257,1,1,3,5,0,0,0,0,0,0
2024,1,Harrison Bryant,TE,LV,@ LAC,0,0,0,0,0,0,0,0,0,0,0,0,0
2024,1,Jakobi Meyers,WR,LV,@ LAC,0,0,0,0,0,1,3,0,0,3,61,0,0
2024,1,John Samuel Shenker,TE,LV,@ LAC,0,0,0,0,0,0,0,0,0,0,0,0,0
2024,1,Justin Shorter,WR,LV,@ LAC,0,0,0,0,0,0,0,0,0,0,0,0,0
2024,1,Kristian Wilkerson,WR,LV,@ LAC,0,0,0,0,0,0,0,0,0,0,0,0,0
2024,1,Michael Mayer,TE,LV,@ LAC,0,0,0,0,0,0,0,0,0,2,3,0,0
2024,1,Ramel Keyton,WR,LV,@ LAC,0,0,0,0,0,0,0,0,0,0,0,0,0
2024,1,Sincere McCormick,RB,LV,@ LAC,0,0,0,0,0,0,0,0,0,0,0,0,0
2024,1,Terrace Marshall Jr,WR,LV,@ LAC,0,0,0,0,0,0,0,0,0,0,0,0,0
2024,1,Tre Tucker,WR,LV,@ LAC,0,0,0,0,0,0,0,0,0,2,22,0,0
2024,1,Tyreik McAllister,WR,LV,@ LAC,0,0,0,0,0,0,0,0,0,0,0,0,0
2024,1,Zamir White,RB,LV,@ LAC,0,0,0,0,0,13,44,0,0,2,2,0,0
2024,1,Alec Ingold,RB,MIA,VS JAX,0,0,0,0,0,2,8,0,0,0,0,0,0
2024,1,Braxton Berrios,WR,MIA,VS JAX,0,0,0,0,0,0,0,0,0,0,0,0,0
2024,1,De'Von Achane,RB,MIA,VS JAX,0,0,0,0,0,10,24,1,0,7,76,0,0
2024,1,Dee Eskridge,WR,MIA,VS JAX,0,0,0,0,0,0,0,0,0,0,0,0,0
2024,1,Durham Smythe,TE,MIA,VS JAX,0,0,0,0,0,0,0,0,0,0,0,0,0
2024,1,Erik Ezukanma,WR,MIA,VS JAX,0,0,0,0,0,0,0,0,0,0,0,0,0
2024,1,Grant DuBose,WR,MIA,VS JAX,0,0,0,0,0,0,0,0,0,0,0,0,0
2024,1,Jack Stoll,TE,MIA,VS JAX,0,0,0,0,0,0,0,0,0,0,0,0,0
2024,1,Jaylen Waddle,WR,MIA,VS JAX,0,0,0,0,0,1,3,0,0,5,109,0,0
2024,1,Jaylen Wright,RB,MIA,VS JAX,0,0,0,0,0,0,0,0,0,0,0,0,0
2024,1,Jeff Wilson Jr,RB,MIA,VS JAX,0,0,0,0,0,5,26,0,0,0,0,0,0
2024,1,Jonnu Smith,TE,MIA,VS JAX,0,0,0,0,0,0,0,0,0,1,7,0,0
2024,1,Julian Hill,TE,MIA,VS JAX,0,0,0,0,0,0,0,0,0,1,6,0,0
2024,1,Malik Washington,WR,MIA,VS JAX,0,0,0,0,0,0,0,0,0,0,0,0,0
2024,1,Odell Beckham Jr,WR,MIA,VS JAX,0,0,0,0,0,0,0,0,0,0,0,0,0
2024,1,Raheem Mostert,RB,MIA,VS JAX,0,0,0,0,0,6,9,0,0,2,10,0,0
2024,1,River Cracraft,WR,MIA,VS JAX,0,0,0,0,0,0,0,0,0,0,0,0,0
2024,1,Robbie Chosen,WR,MIA,VS JAX,0,0,0,0,0,0,0,0,0,0,0,0,0
2024,1,Skylar Thompson,QB,MIA,VS JAX,0,0,0,0,0,0,0,0,0,0,0,0,0
2024,1,Tanner Conner,TE,MIA,VS JAX,0,0,0,0,0,0,0,0,0,0,0,0,0
2024,1,Tim Boyle,QB,MIA,VS JAX,0,0,0,0,0,0,0,0,0,0,0,0,0
2024,1,Tua Tagovailoa,QB,MIA,VS JAX,0,0,338,1,0,1,11,0,0,0,0,0,0
2024,1,Tyler Huntley,QB,MIA,VS JAX,0,0,0,0,0,0,0,0,0,0,0,0,0
2024,1,Tyreek Hill,WR,MIA,VS JAX,0,0,0,0,0,0,0,0,0,7,130,1,0
2024,1,Aaron Jones,RB,MIN,@ NYG,0,0,0,0,0,14,94,1,0,2,15,0,0
2024,1,Brandon Powell,WR,MIN,@ NYG,0,0,0,0,0,0,0,0,0,0,0,0,0
2024,1,CJ Ham,RB,MIN,@ NYG,0,0,0,0,0,0,0,0,0,2,11,0,0
2024,1,Cam Akers,RB,MIN,@ NYG,0,0,0,0,0,0,0,0,0,0,0,0,0
2024,1,Jalen Nailor,WR,MIN,@ NYG,0,0,0,0,0,0,0,0,0,1,21,1,0
2024,1,Johnny Mundt,TE,MIN,@ NYG,0,0,0,0,0,0,0,0,0,2,15,0,0
2024,1,Jordan Addison,WR,MIN,@ NYG,0,0,0,0,0,0,0,0,0,3,35,0,0
2024,1,Josh Oliver,TE,MIN,@ NYG,0,0,0,0,0,0,0,0,0,2,27,0,0
2024,1,Justin Jefferson,WR,MIN,@ NYG,0,0,0,0,0,0,0,0,0,4,59,1,0
2024,1,Myles Gaskin,RB,MIN,@ NYG,0,0,0,0,0,1,3,0,0,0,0,0,0
2024,1,Nick Mullens,QB,MIN,@ NYG,0,0,0,0,0,0,0,0,0,0,0,0,0
2024,1,Nick Muse,TE,MIN,@ NYG,0,0,0,0,0,0,0,0,0,0,0,0,0
2024,1,Robert Tonyan Jr,TE,MIN,@ NYG,0,0,0,0,0,0,0,0,0,0,0,0,0
2024,1,Sam Darnold,QB,MIN,@ NYG,0,0,208,2,1,3,3,0,0,0,0,0,0
2024,1,TJ Hockenson,TE,MIN,@ NYG,0,0,0,0,0,0,0,0,0,0,0,0,0
2024,1,Trent Sherfield Sr,WR,MIN,@ NYG,0,0,0,0,0,0,0,0,0,0,0,0,0
2024,1,Trishton Jackson,WR,MIN,@ NYG,0,0,0,0,0,0,0,0,0,0,0,0,0
2024,1,Ty Chandler,RB,MIN,@ NYG,0,0,0,0,0,8,17,0,0,3,25,0,0
2024,1,Alex Erickson,WR,NE,@ CIN,0,0,0,0,0,0,0,0,0,0,0,0,0
2024,1,Antonio Gibson,RB,NE,@ CIN,0,0,0,0,0,7,18,0,0,0,0,0,0
2024,1,Austin Hooper,TE,NE,@ CIN,0,0,0,0,0,0,0,0,0,2,31,0,0
2024,1,DeMario Douglas,WR,NE,@ CIN,0,0,0,0,0,0,0,0,0,2,12,0,0
2024,1,Drake Maye,QB,NE,@ CIN,0,0,0,0,0,0,0,0,0,0,0,0,0
2024,1,Hunter Henry,TE,NE,@ CIN,0,0,0,0,0,0,0,0,0,2,18,0,0
2024,1,Ja'Lynn Polk,WR,NE,@ CIN,0,0,0,0,0,0,0,0,0,1,6,0,0
2024,1,JaMycal Hasty,RB,NE,@ CIN,0,0,0,0,0,0,0,0,0,0,0,0,0
2024,1,Jack Westover,TE,NE,@ CIN,0,0,0,0,0,0,0,0,0,0,0,0,0
2024,1,Jacoby Brissett,QB,NE,@ CIN,0,0,121,0,0,7,32,0,0,0,0,0,0
2024,1,Jaheim Bell,TE,NE,@ CIN,0,0,0,0,0,0,0,0,0,0,0,0,0
2024,1,Javon Baker,WR,NE,@ CIN,0,0,0,0,0,0,0,0,0,0,0,0,0
2024,1,Joe Milton III,QB,NE,@ CIN,0,0,0,0,0,0,0,0,0,0,0,0,0
2024,1,KJ Osborn,WR,NE,@ CIN,0,0,0,0,0,0,0,0,0,3,21,0,0
2024,1,Kayshon Boutte,WR,NE,@ CIN,0,0,0,0,0,0,0,0,0,0,0,0,0
2024,1,Kendrick Bourne,WR,NE,@ CIN,0,0,0,0,0,0,0,0,0,0,0,0,0
2024,1,Mitchell Wilcox,TE,NE,@ CIN,0,0,0,0,0,0,0,0,0,0,0,0,0
2024,1,Rhamondre Stevenson,RB,NE,@ CIN,0,0,0,0,0,25,120,1,0,3,6,0,0
2024,1,Terrell Jennings,RB,NE,@ CIN,0,0,0,0,0,0,0,0,0,0,0,0,0
2024,1,Tyquan Thornton,WR,NE,@ CIN,0,0,0,0,0,0,0,0,0,2,27,0,0
2024,1,Adam Prentice,RB,NO,VS CAR,0,0,0,0,0,0,0,0,0,0,0,0,0
2024,1,Alvin Kamara,RB,NO,VS CAR,0,0,0,0,0,15,83,1,0,5,27,0,0
2024,1,Bub Means,WR,NO,VS CAR,0,0,0,0,0,0,0,0,0,0,0,0,0
2024,1,Cedrick Wilson Jr,WR,NO,VS CAR,0,0,0,0,0,0,0,0,0,0,0,0,0
2024,1,Chris Olave,WR,NO,VS CAR,0,0,0,0,0,0,0,0,0,2,11,0,0
2024,1,Clyde Edwards-Helaire,RB,NO,VS CAR,0,0,0,0,0,0,0,0,0,0,0,0,0
2024,1,Dallin Holker,TE,NO,VS CAR,0,0,0,0,0,0,0,0,0,0,0,0,0
2024,1,Dante Pettis,WR,NO,VS CAR,0,0,0,0,0,0,0,0,0,0,0,0,0
2024,1,Derek Carr,QB,NO,VS CAR,0,0,200,3,0,2,13,0,0,0,0,0,0
2024,1,Equanimeous St. Brown,WR,NO,VS CAR,0,0,0,0,0,0,0,0,0,0,0,0,0
2024,1,Foster Moreau,TE,NO,VS CAR,0,0,0,0,0,0,0,0,0,4,43,1,0
2024,1,Jake Haener,QB,NO,VS CAR,0,0,0,0,0,0,0,0,0,0,0,0,0
2024,1,Jamaal Williams,RB,NO,VS CAR,0,0,0,0,0,11,38,1,0,1,13,0,0
2024,1,Jermaine Jackson,WR,NO,VS CAR,0,0,0,0,0,0,0,0,0,0,0,0,0
2024,1,Jordan Mims,RB,NO,VS CAR,0,0,0,0,0,4,11,0,0,0,0,0,0
2024,1,Juwan Johnson,TE,NO,VS CAR,0,0,0,0,0,0,0,0,0,2,26,1,0
2024,1,Kendre Miller,RB,NO,VS CAR,0,0,0,0,0,0,0,0,0,0,0,0,0
2024,1,Kevin Austin Jr,WR,NO,VS CAR,0,0,0,0,0,0,0,0,0,0,0,0,0
2024,1,Marquez Valdes-Scantling,WR,NO,VS CAR,0,0,0,0,0,0,0,0,0,0,0,0,0
2024,1,Mason Tipton,WR,NO,VS CAR,0,0,0,0,0,0,0,0,0,1,6,0,0
2024,1,Rashid Shaheed,WR,NO,VS CAR,0,0,0,0,0,0,0,0,0,3,73,1,0
2024,1,Spencer Rattler,QB,NO,VS CAR,0,0,0,0,0,0,0,0,0,0,0,0,0
2024,1,Taysom Hill,TE,NO,VS CAR,0,0,0,0,0,0,0,0,0,1,1,0,0
2024,1,Bryce Ford-Wheaton,WR,NYG,VS MIN,0,0,0,0,0,0,0,0,0,0,0,0,0
2024,1,Chris Manhertz,TE,NYG,VS MIN,0,0,0,0,0,0,0,0,0,0,0,0,0
2024,1,Daniel Bellinger,TE,NYG,VS MIN,0,0,0,0,0,0,0,0,0,1,3,0,0
2024,1,Daniel Jones,QB,NYG,VS MIN,0,0,186,0,2,6,15,0,0,0,0,0,0
2024,1,Dante Miller,RB,NYG,VS MIN,0,0,0,0,0,0,0,0,0,0,0,0,0
2024,1,Darius Slayton,WR,NYG,VS MIN,0,0,0,0,0,0,0,0,0,3,26,0,0
2024,1,Dee Williams,WR,NYG,VS MIN,0,0,0,0,0,0,0,0,0,0,0,0,0
2024,1,Devin Singletary,RB,NYG,VS MIN,0,0,0,0,0,10,37,0,0,4,15,0,0
2024,1,Drew Lock,QB,NYG,VS MIN,0,0,0,0,0,0,0,0,0,0,0,0,0
2024,1,Eric Gray,RB,NYG,VS MIN,0,0,0,0,0,2,6,0,0,1,9,0,0
2024,1,Greg Dulcich,TE,NYG,VS MIN,0,0,0,0,0,0,0,0,0,0,0,0,0
2024,1,Ihmir Smith-Marsette,WR,NYG,VS MIN,0,0,0,0,0,0,0,0,0,0,0,0,0
2024,1,Isaiah Hodgins,WR,NYG,VS MIN,0,0,0,0,0,0,0,0,0,0,0,0,0
2024,1,Jakob Johnson,RB,NYG,VS MIN,0,0,0,0,0,0,0,0,0,0,0,0,0
2024,1,Jalin Hyatt,WR,NYG,VS MIN,0,0,0,0,0,0,0,0,0,0,0,0,0
2024,1,Malik Nabers,WR,NYG,VS MIN,0,0,0,0,0,0,0,0,0,5,66,0,0
2024,1,Theo Johnson,TE,NYG,VS MIN,0,0,0,0,0,0,0,0,0,1,18,0,0
2024,1,Tim Boyle,QB,NYG,VS MIN,0,0,0,0,0,0,0,0,0,0,0,0,0
2024,1,Tommy DeVito,QB,NYG,VS MIN,0,0,0,0,0,0,0,0,0,0,0,0,0
2024,1,Tyrone Tracy Jr,RB,NYG,VS MIN,0,0,0,0,0,2,2,0,0,1,5,0,0
2024,1,Wan'Dale Robinson,WR,NYG,VS MIN,0,0,0,0,0,1,14,0,0,6,44,0,0
2024,1,Aaron Rodgers,QB,NYJ,@ SF,0,0,167,1,1,1,1,0,0,0,0,0,0
2024,1,Allen Lazard,WR,NYJ,@ SF,0,0,0,0,0,0,0,0,0,6,89,2,0
2024,1,Anthony Firkser,TE,NYJ,@ SF,0,0,0,0,0,0,0,0,0,0,0,0,0
2024,1,Braelon Allen,RB,NYJ,@ SF,0,0,0,0,0,1,8,0,0,1,9,0,0
2024,1,Brandon Smith,WR,NYJ,@ SF,0,0,0,0,0,0,0,0,0,0,0,0,0
2024,1,Breece Hall,RB,NYJ,@ SF,0,0,0,0,0,16,54,1,0,5,39,0,0
2024,1,Brenden Bates,TE,NYJ,@ SF,0,0,0,0,0,0,0,0,0,0,0,0,0
2024,1,Davante Adams,WR,NYJ,@ SF,0,0,0,0,0,0,0,0,0,0,0,0,0
2024,1,Garrett Wilson,WR,NYJ,@ SF,0,0,0,0,0,0,0,0,0,6,60,0,0
2024,1,Irvin Charles,WR,NYJ,@ SF,0,0,0,0,0,0,0,0,0,0,0,0,0
2024,1,Isaiah Davis,RB,NYJ,@ SF,0,0,0,0,0,0,0,0,0,0,0,0,0
2024,1,Jeremy Ruckert,TE,NYJ,@ SF,0,0,0,0,0,0,0,0,0,0,0,0,0
2024,1,Kene Nwangwu,RB,NYJ,@ SF,0,0,0,0,0,0,0,0,0,0,0,0,0
2024,1,Kenny Yeboah,TE,NYJ,@ SF,0,0,0,0,0,0,0,0,0,0,0,0,0
2024,1,Malachi Corley,WR,NYJ,@ SF,0,0,0,0,0,0,0,0,0,0,0,0,0
2024,1,Mike Williams,WR,NYJ,@ SF,0,0,0,0,0,0,0,0,0,0,0,0,0
2024,1,Tyler Conklin,TE,NYJ,@ SF,0,0,0,0,0,0,0,0,0,1,6,0,0
2024,1,Tyrod Taylor,QB,NYJ,@ SF,0,0,36,1,0,1,7,0,0,0,0,0,0
2024,1,Xavier Gipson,WR,NYJ,@ SF,0,0,0,0,0,0,0,0,0,0,0,0,0
2024,1,Zack Kuntz,TE,NYJ,@ SF,0,0,0,0,0,0,0,0,0,0,0,0,0
2024,1,AJ Brown,WR,PHI,VS GB,0,0,0,0,0,0,0,0,0,5,119,1,0
2024,1,Ainias Smith,WR,PHI,VS GB,0,0,0,0,0,0,0,0,0,0,0,0,0
2024,1,Britain Covey,WR,PHI,VS GB,0,0,0,0,0,0,0,0,0,0,0,0,0
2024,1,CJ Uzomah,TE,PHI,VS GB,0,0,0,0,0,0,0,0,0,0,0,0,0
2024,1,Dallas Goedert,TE,PHI,VS GB,0,0,0,0,0,0,0,0,0,4,31,0,0
2024,1,DeVonta Smith,WR,PHI,VS GB,0,0,0,0,0,0,0,0,0,7,84,0,0
2024,1,E.J. Jenkins,TE,PHI,VS GB,0,0,0,0,0,0,0,0,0,0,0,0,0
2024,1,Grant Calcaterra,TE,PHI,VS GB,0,0,0,0,0,0,0,0,0,1,11,0,0
2024,1,Jack Stoll,TE,PHI,VS GB,0,0,0,0,0,0,0,0,0,0,0,0,0
2024,1,Jahan Dotson,WR,PHI,VS GB,0,0,0,0,0,0,0,0,0,0,0,0,0
2024,1,Jalen Hurts,QB,PHI,VS GB,0,0,278,2,2,13,33,0,0,0,0,0,0
2024,1,John Ross,WR,PHI,VS GB,0,0,0,0,0,0,0,0,0,0,0,0,0
2024,1,Johnny Wilson,WR,PHI,VS GB,0,0,0,0,0,0,0,0,0,0,0,0,0
2024,1,Kenneth Gainwell,RB,PHI,VS GB,0,0,0,0,0,1,2,0,0,1,10,0,0
2024,1,Kenny Pickett,QB,PHI,VS GB,0,0,0,0,0,0,0,0,0,0,0,0,0
2024,1,Khari Blasingame,RB,PHI,VS GB,0,0,0,0,0,0,0,0,0,0,0,0,0
2024,1,Parris Campbell,WR,PHI,VS GB,0,0,0,0,0,0,0,0,0,0,0,0,0
2024,1,Saquon Barkley,RB,PHI,VS GB,0,0,0,0,0,24,109,2,0,2,23,1,0
2024,1,Tanner McKee,QB,PHI,VS GB,0,0,0,0,0,0,0,0,0,0,0,0,0
2024,1,Tyrion Davis-Price,RB,PHI,VS GB,0,0,0,0,0,0,0,0,0,0,0,0,0
2024,1,Will Shipley,RB,PHI,VS GB,0,0,0,0,0,0,0,0,0,0,0,0,0
2024,1,Aaron Shampklin,RB,PIT,@ ATL,0,0,0,0,0,0,0,0,0,0,0,0,0
2024,1,Ben Skowronek,WR,PIT,@ ATL,0,0,0,0,0,0,0,0,0,0,0,0,0
2024,1,Brandon Johnson,WR,PIT,@ ATL,0,0,0,0,0,0,0,0,0,0,0,0,0
2024,1,Calvin Austin III,WR,PIT,@ ATL,0,0,0,0,0,0,0,0,0,1,7,0,0
2024,1,Connor Heyward,TE,PIT,@ ATL,0,0,0,0,0,0,0,0,0,0,0,0,0
2024,1,Cordarrelle Patterson,RB,PIT,@ ATL,0,0,0,0,0,4,13,0,0,0,0,0,0
2024,1,Darnell Washington,TE,PIT,@ ATL,0,0,0,0,0,0,0,0,0,1,5,0,0
2024,1,George Pickens,WR,PIT,@ ATL,0,0,0,0,0,1,10,0,0,6,85,0,0
2024,1,Jaylen Warren,RB,PIT,@ ATL,0,0,0,0,0,2,7,0,0,2,13,0,0
2024,1,Jonathan Ward,RB,PIT,@ ATL,0,0,0,0,0,0,0,0,0,0,0,0,0
2024,1,Justin Fields,QB,PIT,@ ATL,0,0,156,0,0,14,57,0,0,0,0,0,0
2024,1,Kyle Allen,QB,PIT,@ ATL,0,0,0,0,0,0,0,0,0,0,0,0,0
2024,1,Mike Williams,WR,PIT,@ ATL,0,0,0,0,0,0,0,0,0,0,0,0,0
2024,1,MyCole Pruitt,TE,PIT,@ ATL,0,0,0,0,0,0,0,0,0,1,9,0,0
2024,1,Najee Harris,RB,PIT,@ ATL,0,0,0,0,0,20,70,0,0,1,9,0,0
2024,1,Pat Freiermuth,TE,PIT,@ ATL,0,0,0,0,0,0,0,0,0,4,27,0,0
2024,1,Rodney Williams II,TE,PIT,@ ATL,0,0,0,0,0,0,0,0,0,0,0,0,0
2024,1,Roman Wilson,WR,PIT,@ ATL,0,0,0,0,0,0,0,0,0,0,0,0,0
2024,1,Russell Wilson,QB,PIT,@ ATL,0,0,0,0,0,0,0,0,0,0,0,0,0
2024,1,Scotty Miller,WR,PIT,@ ATL,0,0,0,0,0,0,0,0,0,0,0,0,0
2024,1,Van Jefferson,WR,PIT,@ ATL,0,0,0,0,0,0,0,0,0,1,1,0,0
2024,1,AJ Barner,TE,SEA,VS DEN,0,0,0,0,0,0,0,0,0,0,0,0,0
2024,1,Brady Russell,TE,SEA,VS DEN,0,0,0,0,0,0,0,0,0,0,0,0,0
2024,1,Cody White,WR,SEA,VS DEN,0,0,0,0,0,0,0,0,0,0,0,0,0
2024,1,DK Metcalf,WR,SEA,VS DEN,0,0,0,0,0,0,0,0,0,3,29,0,0
2024,1,Dareke Young,WR,SEA,VS DEN,0,0,0,0,0,0,0,0,0,0,0,0,0
2024,1,Dee Williams,WR,SEA,VS DEN,0,0,0,0,0,0,0,0,0,0,0,0,0
2024,1,Geno Smith,QB,SEA,VS DEN,0,0,171,1,1,4,30,1,0,0,0,0,0
2024,1,George Holani,RB,SEA,VS DEN,0,0,0,0,0,0,0,0,0,0,0,0,0
2024,1,Jaelon Darden,WR,SEA,VS DEN,0,0,0,0,0,0,0,0,0,0,0,0,0
2024,1,Jake Bobo,WR,SEA,VS DEN,0,0,0,0,0,0,0,0,0,0,0,0,0
2024,1,Jaxon Smith-Njigba,WR,SEA,VS DEN,0,0,0,0,0,0,0,0,0,2,19,0,0
2024,1,Ken Walker III,RB,SEA,VS DEN,0,0,0,0,0,20,103,1,0,2,6,0,0
2024,1,Kenny McIntosh,RB,SEA,VS DEN,0,0,0,0,0,0,0,0,0,0,0,0,0
2024,1,Laviska Shenault Jr,WR,SEA,VS DEN,0,0,0,0,0,1,1,0,0,1,0,0,0
2024,1,Noah Fant,TE,SEA,VS DEN,0,0,0,0,0,0,0,0,0,2,11,0,0
2024,1,Pharaoh Brown,TE,SEA,VS DEN,0,0,0,0,0,0,0,0,0,0,0,0,0
2024,1,Sam Howell,QB,SEA,VS DEN,0,0,0,0,0,0,0,0,0,0,0,0,0
2024,1,Tyler Lockett,WR,SEA,VS DEN,0,0,0,0,0,0,0,0,0,6,77,0,0
2024,1,Tyler Mabry,TE,SEA,VS DEN,0,0,0,0,0,0,0,0,0,0,0,0,0
2024,1,Zach Charbonnet,RB,SEA,VS DEN,0,0,0,0,0,8,12,0,0,2,29,1,0
2024,1,Brandon Aiyuk,WR,SF,VS NYJ,0,0,0,0,0,0,0,0,0,2,28,0,0
2024,1,Brandon Allen,QB,SF,VS NYJ,0,0,0,0,0,1,1,0,0,0,0,0,0
2024,1,Brayden Willis,TE,SF,VS NYJ,0,0,0,0,0,0,0,0,0,0,0,0,0
2024,1,Brock Purdy,QB,SF,VS NYJ,0,0,231,0,0,1,11,0,0,0,0,0,0
2024,1,Chris Conley,WR,SF,VS NYJ,0,0,0,0,0,0,0,0,0,0,0,0,0
2024,1,Christian McCaffrey,RB,SF,VS NYJ,0,0,0,0,0,0,0,0,0,0,0,0,0
2024,1,Deebo Samuel Sr,WR,SF,VS NYJ,0,0,0,0,0,8,23,1,0,5,54,0,0
2024,1,Eric Saubert,TE,SF,VS NYJ,0,0,0,0,0,0,0,0,0,0,0,0,0
2024,1,George Kittle,TE,SF,VS NYJ,0,0,0,0,0,0,0,0,0,4,40,0,0
2024,1,Isaac Guerendo,RB,SF,VS NYJ,0,0,0,0,0,0,0,0,0,0,0,0,0
2024,1,Jacob Cowing,WR,SF,VS NYJ,0,0,0,0,0,0,0,0,0,0,0,0,0
2024,1,Jake Tonges,TE,SF,VS NYJ,0,0,0,0,0,0,0,0,0,0,0,0,0
2024,1,Jauan Jennings,WR,SF,VS NYJ,0,0,0,0,0,0,0,0,0,5,64,0,0
2024,1,Jordan Mason,RB,SF,VS NYJ,0,0,0,0,0,28,147,1,0,1,5,0,0
2024,1,Joshua Dobbs,QB,SF,VS NYJ,0,0,0,0,0,0,0,0,0,0,0,0,0
2024,1,Ke'Shawn Vaughn,RB,SF,VS NYJ,0,0,0,0,0,0,0,0,0,0,0,0,0
2024,1,Kyle Juszczyk,RB,SF,VS NYJ,0,0,0,0,0,0,0,0,0,2,40,0,0
2024,1,Patrick Taylor Jr,RB,SF,VS NYJ,0,0,0,0,0,0,0,0,0,0,0,0,0
2024,1,Ricky Pearsall,WR,SF,VS NYJ,0,0,0,0,0,0,0,0,0,0,0,0,0
2024,1,Ronnie Bell,WR,SF,VS NYJ,0,0,0,0,0,0,0,0,0,0,0,0,0
2024,1,Trent Taylor,WR,SF,VS NYJ,0,0,0,0,0,0,0,0,0,0,0,0,0
2024,1,Baker Mayfield,QB,TB,VS WAS,0,0,289,4,0,3,21,0,0,0,0,0,0
2024,1,Bucky Irving,RB,TB,VS WAS,0,0,0,0,0,9,62,0,0,2,14,0,0
2024,1,Cade Otton,TE,TB,VS WAS,0,0,0,0,0,0,0,0,0,1,5,0,0
2024,1,Chris Godwin,WR,TB,VS WAS,0,0,0,0,0,0,0,0,0,8,83,1,0
2024,1,Cody Thompson,WR,TB,VS WAS,0,0,0,0,0,0,0,0,0,0,0,0,0
2024,1,DJ Williams,RB,TB,VS WAS,0,0,0,0,0,0,0,0,0,0,0,0,0
2024,1,Devin Culp,TE,TB,VS WAS,0,0,0,0,0,0,0,0,0,0,0,0,0
2024,1,Jalen McMillan,WR,TB,VS WAS,0,0,0,0,0,0,0,0,0,1,32,1,0
2024,1,Kameron Johnson,WR,TB,VS WAS,0,0,0,0,0,1,0,0,0,0,0,0,0
2024,1,Ko Kieft,TE,TB,VS WAS,0,0,0,0,0,0,0,0,0,0,0,0,0
2024,1,Kyle Trask,QB,TB,VS WAS,0,0,0,0,0,2,2,0,0,0,0,0,0
2024,1,Marquez Callaway,WR,TB,VS WAS,0,0,0,0,0,0,0,0,0,0,0,0,0
2024,1,Mike Evans,WR,TB,VS WAS,0,0,0,0,0,0,0,0,0,5,61,2,0
2024,1,Payne Durham,TE,TB,VS WAS,0,0,0,0,0,0,0,0,0,0,0,0,0
2024,1,Rachaad White,RB,TB,VS WAS,0,0,0,0,0,15,31,0,0,6,75,0,0
2024,1,Rakim Jarrett,WR,TB,VS WAS,0,0,0,0,0,0,0,0,0,0,0,0,0
2024,1,Ryan Miller,TE,TB,VS WAS,0,0,0,0,0,0,0,0,0,0,0,0,0
2024,1,Sean Tucker,RB,TB,VS WAS,0,0,0,0,0,0,0,0,0,0,0,0,0
2024,1,Sterling Shepard,WR,TB,VS WAS,0,0,0,0,0,0,0,0,0,0,0,0,0
2024,1,Trey Palmer,WR,TB,VS WAS,0,0,0,0,0,0,0,0,0,1,19,0,0
2024,1,Bryce Oliver,WR,TEN,@ CHI,0,0,0,0,0,0,0,0,0,0,0,0,0
2024,1,Calvin Ridley,WR,TEN,@ CHI,0,0,0,0,0,0,0,0,0,3,50,0,0
2024,1,Chig Okonkwo,TE,TEN,@ CHI,0,0,0,0,0,0,0,0,0,2,15,1,0
2024,1,David Martin-Robinson,TE,TEN,@ CHI,0,0,0,0,0,0,0,0,0,0,0,0,0
2024,1,DeAndre Hopkins,WR,TEN,@ CHI,0,0,0,0,0,0,0,0,0,1,8,0,0
2024,1,Jha'Quan Jackson,WR,TEN,@ CHI,0,0,0,0,0,0,0,0,0,0,0,0,0
2024,1,Josh Whyle,TE,TEN,@ CHI,0,0,0,0,0,0,0,0,0,0,0,0,0
2024,1,Joshua Kelley,RB,TEN,@ CHI,0,0,0,0,0,0,0,0,0,0,0,0,0
2024,1,Julius Chestnut,RB,TEN,@ CHI,0,0,0,0,0,0,0,0,0,0,0,0,0
2024,1,Mason Kinsey,WR,TEN,@ CHI,0,0,0,0,0,0,0,0,0,0,0,0,0
2024,1,Mason Rudolph,QB,TEN,@ CHI,0,0,0,0,0,0,0,0,0,0,0,0,0
2024,1,Nick Vannett,TE,TEN,@ CHI,0,0,0,0,0,0,0,0,0,2,11,0,0
2024,1,Nick Westbrook-Ikhine,WR,TEN,@ CHI,0,0,0,0,0,0,0,0,0,0,0,0,0
2024,1,Tay Martin,WR,TEN,@ CHI,0,0,0,0,0,0,0,0,0,0,0,0,0
2024,1,Thomas Odukoya,TE,TEN,@ CHI,0,0,0,0,0,0,0,0,0,0,0,0,0
2024,1,Tony Pollard,RB,TEN,@ CHI,0,0,0,0,0,16,82,1,0,3,12,0,0
2024,1,Treylon Burks,WR,TEN,@ CHI,0,0,0,0,0,2,1,0,0,1,2,0,0
2024,1,Tyjae Spears,RB,TEN,@ CHI,0,0,0,0,0,4,21,0,0,4,11,0,0
2024,1,Tyler Boyd,WR,TEN,@ CHI,0,0,0,0,0,0,0,0,0,3,18,0,0
2024,1,Will Levis,QB,TEN,@ CHI,0,0,127,1,2,4,36,0,0,0,0,0,0
2024,1,Austin Ekeler,RB,WAS,@ TB,0,0,0,0,0,2,10,0,0,4,52,0,0
2024,1,Ben Sinnott,TE,WAS,@ TB,0,0,0,0,0,0,0,0,0,0,0,0,0
2024,1,Brian Robinson Jr,RB,WAS,@ TB,0,0,0,0,0,12,40,1,0,3,49,0,0
2024,1,Brycen Tremayne,WR,WAS,@ TB,0,0,0,0,0,0,0,0,0,0,0,0,0
2024,1,Chris Rodriguez Jr,RB,WAS,@ TB,0,0,0,0,0,0,0,0,0,0,0,0,0
2024,1,Colson Yankoff,RB,WAS,@ TB,0,0,0,0,0,0,0,0,0,0,0,0,0
2024,1,Dyami Brown,WR,WAS,@ TB,0,0,0,0,0,0,0,0,0,0,0,0,0
2024,1,Jamison Crowder,WR,WAS,@ TB,0,0,0,0,0,0,0,0,0,1,5,0,0
2024,1,Jayden Daniels,QB,WAS,@ TB,0,0,184,0,0,16,88,2,0,0,0,0,0
2024,1,Jeff Driskel,QB,WAS,@ TB,0,0,0,0,0,0,0,0,0,0,0,0,0
2024,1,Jeremy McNichols,RB,WAS,@ TB,0,0,0,0,0,0,0,0,0,0,0,0,0
2024,1,John Bates,TE,WAS,@ TB,0,0,0,0,0,0,0,0,0,0,0,0,0
2024,1,KJ Osborn,WR,WAS,@ TB,0,0,0,0,0,0,0,0,0,0,0,0,0
2024,1,Luke McCaffrey,WR,WAS,@ TB,0,0,0,0,0,0,0,0,0,3,18,0,0
2024,1,Marcus Mariota,QB,WAS,@ TB,0,0,0,0,0,0,0,0,0,0,0,0,0
2024,1,Noah Brown,WR,WAS,@ TB,0,0,0,0,0,0,0,0,0,0,0,0,0
2024,1,Olamide Zaccheaus,WR,WAS,@ TB,0,0,0,0,0,0,0,0,0,1,15,0,0
2024,1,Terry McLaurin,WR,WAS,@ TB,0,0,0,0,0,0,0,0,0,2,17,0,0
2024,1,Zach Ertz,TE,WAS,@ TB,0,0,0,0,0,0,0,0,0,3,28,0,0
